Consumer Demand,Past Produced quantity,Rating,Price,Dicount,Production Rate
442,366,2,424,49,60.275999999999996
339,367,2,397,5,52.096999999999994
681,95,3,424,45,57.806999999999995
156,64,2,210,45,22.118000000000002
862,437,4,376,31,80.65
387,156,0,288,13,39.311
756,430,2,330,48,74.048
217,492,2,274,15,47.70099999999999
416,462,1,215,28,53.56
559,369,3,333,19,60.469
867,416,5,426,16,81.33300000000001
610,175,1,204,18,47.344
126,360,5,224,40,36.018
829,298,1,336,15,69.445
422,123,1,264,10,38.147999999999996
235,231,3,441,14,42.843
633,137,5,259,43,50.387
237,188,2,422,33,40.853
114,107,2,459,4,31.2
184,454,1,346,24,47.82
908,245,3,280,39,69.34
777,105,0,453,25,62.95099999999999
299,236,4,203,12,35.577000000000005
843,358,0,288,47,72.54299999999999
320,420,0,380,25,54.01
193,183,0,339,7,33.487
800,297,1,234,4,62.99400000000001
852,316,2,349,4,71.496
115,227,4,217,10,26.995000000000005
748,64,2,220,47,50.482
762,236,3,284,9,60.70400000000001
503,421,5,358,14,61.38300000000001
953,201,1,259,43,68.435
561,105,5,242,40,44.504999999999995
375,168,2,296,40,41.144999999999996
926,153,3,348,14,67.328
175,69,0,414,1,29.941
486,339,4,218,32,51.176
762,491,4,272,7,72.874
223,63,2,495,14,36.207
286,150,2,419,33,41.124
939,368,3,443,17,83.01899999999999
252,343,5,481,35,52.147999999999996
697,234,5,469,39,67.28500000000001
256,53,0,455,50,37.202
776,325,0,288,24,66.59400000000001
280,146,5,348,50,38.512
426,155,2,347,44,45.336
665,317,2,492,5,69.099
322,366,3,261,11,45.611999999999995
659,268,0,398,19,62.835
600,261,0,257,34,54.258
110,337,0,387,35,40.798
976,280,1,467,31,82.018
517,488,2,438,24,69.267
791,388,5,477,10,78.305
565,91,0,451,26,52.248999999999995
337,335,2,352,12,48.772999999999996
435,375,1,489,50,63.259
422,468,4,289,10,56.642
761,463,5,361,43,77.191
786,206,0,266,24,60.14600000000001
243,128,5,470,14,39.441
934,108,1,277,26,62.834
510,272,1,341,1,52.672
444,295,4,300,45,51.25999999999999
616,324,2,341,43,62.401999999999994
578,337,4,366,25,61.562000000000005
200,480,1,229,24,44.724000000000004
618,423,3,461,33,72.274
674,399,5,420,8,70.748
587,259,5,379,6,57.754999999999995
838,448,4,232,35,73.936
977,223,1,203,4,66.249
857,311,0,485,15,77.91900000000001
372,147,5,421,47,45.948
742,176,0,214,47,55.440000000000005
402,119,5,211,21,35.41799999999999
272,344,3,222,10,40.396
539,216,3,381,8,53.440999999999995
915,127,1,275,37,63.35300000000001
916,232,4,371,13,71.81800000000001
898,98,4,367,47,65.79599999999999
129,333,1,205,45,34.031
442,297,2,218,13,45.961999999999996
788,376,5,356,40,73.74
323,453,4,432,43,59.181000000000004
105,461,5,236,5,38.858999999999995
778,325,5,203,48,64.388
374,472,4,328,37,57.651999999999994
171,322,0,313,28,39.309
540,410,5,330,32,62.24
599,161,0,369,48,54.839000000000006
544,494,2,418,38,70.656
997,463,5,239,46,83.065
952,469,3,322,39,84.456
581,84,2,401,5,49.497
908,109,3,499,37,72.076
965,241,3,318,32,73.14099999999999
766,411,2,430,42,77.66799999999999
814,364,1,256,23,68.92
290,469,1,298,44,52.44000000000001
578,326,4,305,20,58.078
913,359,4,288,18,74.62500000000001
743,277,2,406,29,68.181
574,347,0,275,13,57.078
181,397,4,202,34,39.137
998,396,1,291,21,80.608
692,402,4,407,9,71.174
546,383,4,258,8,56.75599999999999
490,428,3,284,8,57.470000000000006
704,256,2,404,25,65.01
560,311,0,250,37,54.720000000000006
250,168,4,205,42,31.462
416,453,4,300,34,57.294
543,167,0,254,45,47.297000000000004
988,151,0,231,13,64.80000000000001
792,35,0,214,41,50.43999999999999
830,104,2,491,15,66.66
873,329,5,365,41,75.83099999999999
501,67,4,451,9,47.383
143,48,4,324,1,23.619
640,440,1,412,46,72.556
257,130,0,383,28,36.830999999999996
113,234,3,292,26,31.303
288,286,0,240,28,39.796
950,239,2,326,35,72.78999999999999
177,184,2,387,43,36.793
831,238,3,253,1,62.282999999999994
245,246,5,369,10,40.791
637,328,1,232,37,58.445
279,351,0,237,37,42.941
298,188,0,262,28,36.333999999999996
231,311,4,405,40,46.419
784,431,5,212,43,70.116
957,179,5,479,14,75.94500000000001
758,143,3,207,29,53.477999999999994
186,278,3,418,28,42.577999999999996
893,347,2,235,40,71.757
625,336,2,444,49,68.25699999999999
267,494,1,220,50,49.477000000000004
872,469,5,459,28,86.27
593,286,5,424,30,62.567
297,63,0,240,26,28.969
343,169,2,373,24,42.278999999999996
333,360,2,302,2,47.13499999999999
738,346,0,477,16,73.774
819,352,2,405,4,74.209
872,254,4,277,30,67.56400000000001
262,333,3,217,24,39.856
200,43,0,327,26,27.238000000000003
784,491,3,401,40,81.18599999999999
698,490,5,476,38,80.39
321,455,3,481,22,60.245
512,179,4,201,36,43.85
570,320,4,429,14,62.558
379,267,1,392,12,49.059
170,344,2,325,49,42.036
316,497,1,409,19,58.696
386,387,4,271,17,50.458000000000006
537,431,1,363,39,64.759
710,197,0,296,31,57.794
988,334,5,301,26,77.92
652,316,5,420,31,66.714
801,489,3,207,20,72.349
768,211,0,430,42,67.666
822,197,1,227,19,59.470000000000006
464,300,1,286,42,51.54
833,70,1,312,39,58.37700000000001
943,106,3,359,42,67.66099999999999
732,323,3,455,46,73.018
808,334,3,412,40,74.94800000000001
852,48,2,225,23,53.58999999999999
408,408,5,213,13,49.838
626,476,5,344,22,69.698
160,105,3,442,24,33.562000000000005
380,477,2,329,18,57.181999999999995
888,39,3,498,22,66.84199999999998
308,337,5,208,3,40.867999999999995
159,337,3,386,20,42.45099999999999
590,119,1,278,43,48.11
505,472,0,414,27,66.901
368,490,0,269,26,54.931999999999995
453,181,3,300,12,44.285000000000004
888,353,4,490,1,81.18799999999999
842,69,4,473,22,65.12799999999999
544,171,0,282,40,48.526
639,368,1,425,10,67.68100000000001
699,456,5,324,10,70.649
520,359,5,445,13,62.86
159,219,0,469,48,41.458999999999996
135,379,0,314,41,41.160999999999994
805,355,4,242,46,68.725
276,199,0,321,12,37.646
619,234,3,436,31,61.67099999999999
576,399,1,472,43,69.98800000000001
393,401,3,452,16,59.352999999999994
498,265,2,248,18,48.56399999999999
470,423,5,382,27,61.638000000000005
377,248,1,313,37,45.788999999999994
382,327,1,286,26,48.236000000000004
139,195,1,320,41,32.461
794,497,4,358,17,78.96199999999999
252,40,2,303,33,28.921999999999997
737,290,4,431,2,68.395
570,328,1,418,50,64.13
600,66,3,284,6,44.44
371,236,5,458,39,51.579
718,444,5,274,35,69.992
977,469,3,446,46,91.437
644,398,1,487,31,73.194
337,464,5,322,49,55.897000000000006
820,337,1,236,44,68.022
378,141,4,339,30,41.424
167,482,3,213,5,41.715
945,317,4,360,26,77.597
931,440,3,359,23,82.84700000000001
824,336,3,330,34,71.89200000000001
280,270,2,377,22,44.443999999999996
355,269,2,289,27,44.297
680,469,1,399,11,73.56400000000001
647,125,1,461,44,59.191
803,308,3,443,35,74.52699999999999
992,494,0,278,14,84.25600000000001
123,182,3,432,11,34.583
129,355,5,263,47,37.975
378,449,3,228,21,51.44200000000001
969,80,0,207,11,59.20099999999999
550,220,4,364,13,53.708
478,113,4,233,4,38.760000000000005
278,193,4,372,38,41.175999999999995
535,215,0,264,25,48.760999999999996
400,397,3,365,11,55.403999999999996
231,119,5,288,13,30.368999999999993
877,309,4,417,9,75.659
425,143,3,336,43,44.202999999999996
442,460,3,244,11,55.20399999999999
454,63,1,355,16,40.955999999999996
328,274,1,350,20,45.56399999999999
164,179,3,455,6,37.122
218,248,2,499,16,45.498
805,112,1,328,40,59.915000000000006
209,435,4,404,18,50.440999999999995
171,135,2,201,36,25.527
904,164,4,304,40,66.256
120,498,2,426,21,50.43
404,38,4,223,34,32.592
711,332,3,465,25,71.871
512,222,4,275,1,47.506
831,444,0,273,22,74.369
455,276,0,271,34,48.809000000000005
862,90,4,370,24,62.68600000000001
683,476,5,338,42,73.113
504,174,2,358,44,50.43599999999999
539,375,1,334,1,58.876999999999995
528,352,3,234,5,53.105999999999995
465,443,1,336,22,59.937000000000005
310,121,1,430,50,42.087999999999994
606,200,1,431,47,59.844
205,259,4,273,3,34.939
611,94,1,402,45,53.403000000000006
471,369,0,373,14,57.699000000000005
631,44,2,242,43,44.751
120,476,4,471,3,50.506
959,247,1,489,11,79.53699999999999
886,472,3,244,17,76.97200000000001
953,58,2,457,11,68.445
730,302,2,473,12,70.91799999999999
197,415,4,381,37,48.815000000000005
343,463,2,236,23,50.900999999999996
402,292,4,381,15,51.2
786,265,1,314,15,64.806
997,58,3,373,24,67.515
966,197,3,475,5,76.54599999999999
963,314,4,344,7,76.639
277,65,3,449,1,36.218999999999994
730,179,1,488,6,65.08
472,56,4,268,50,39.468
651,411,0,213,14,61.21900000000001
862,370,0,273,45,73.276
496,236,3,473,10,56.568
381,271,1,243,17,43.047000000000004
609,438,2,479,20,72.695
442,203,4,272,22,44.184000000000005
826,178,3,491,44,71.67
966,434,5,439,40,88.658
935,488,2,250,48,81.84100000000001
271,110,4,417,19,37.727000000000004
241,109,0,363,23,33.899
978,239,2,226,14,68.656
100,59,2,378,43,26.528
753,410,5,458,9,76.733
711,38,3,416,16,54.565
271,446,1,228,37,46.967000000000006
618,260,2,465,46,64.90199999999999
319,177,1,298,21,38.053
432,211,5,483,10,52.846
409,458,1,236,33,54.205000000000005
746,139,5,273,39,56.214000000000006
841,84,4,482,6,65.427
798,411,2,370,41,76.48199999999999
104,142,1,461,48,34.72
168,383,0,368,7,43.588
127,220,4,432,27,37.519
857,66,4,465,3,64.381
494,460,2,276,11,59.007999999999996
443,234,2,314,45,48.68299999999999
551,433,5,497,46,71.955
195,160,2,200,35,27.811
498,490,5,218,23,58.888
455,230,1,411,29,52.46700000000001
851,192,0,495,11,71.92699999999999
938,382,2,328,24,78.914
557,309,4,241,13,53.074999999999996
911,106,1,360,7,64.355
892,337,0,311,33,74.108
374,86,1,200,20,31.726
551,302,3,221,20,51.864999999999995
950,355,1,477,40,85.436
751,345,3,441,19,73.045
629,272,2,389,20,61.37499999999999
944,252,0,332,12,72.176
512,57,1,357,4,42.870000000000005
540,164,2,277,14,46.56399999999999
926,163,0,205,34,62.391999999999996
655,392,0,461,18,71.56900000000002
885,63,5,257,19,57.243
389,490,2,465,15,64.089
771,413,2,224,15,67.589
135,249,0,303,27,33.477000000000004
981,90,3,459,24,72.147
278,184,0,249,16,34.022
153,400,3,321,26,42.75899999999999
614,478,3,355,43,70.67200000000001
882,232,1,481,46,76.566
930,215,2,427,44,75.544
423,386,3,277,9,51.962999999999994
705,185,3,461,28,64.213
709,88,5,394,34,56.999
449,328,4,464,12,58.711000000000006
387,492,5,406,12,61.493
408,64,4,367,34,40.416
606,36,0,450,13,50.73199999999999
937,458,1,457,25,88.34500000000001
345,241,0,263,22,40.937000000000005
711,236,1,405,39,65.035
717,110,0,276,24,52.543
680,80,0,358,15,52.462
350,42,4,208,16,28.694
718,369,3,359,36,69.93599999999999
685,125,5,354,1,54.311
390,429,3,239,28,51.839999999999996
311,191,5,451,42,46.351
359,477,0,499,2,62.779
620,81,2,329,47,50.111999999999995
525,475,4,394,39,67.903
907,478,0,230,41,78.699
656,379,3,486,1,71.36
432,160,2,241,3,39.153999999999996
345,467,1,485,5,61.203
441,38,1,429,32,43.150999999999996
155,145,4,474,9,36.033
650,91,0,480,42,58.32
208,232,1,286,4,34.208
397,323,3,436,25,55.38699999999999
382,114,2,443,18,44.141999999999996
874,186,1,235,24,61.96600000000001
663,94,5,399,16,54.457
771,121,2,394,5,59.969
198,392,1,210,6,38.49399999999999
421,142,4,218,34,38.371
128,236,4,270,20,30.888
293,387,3,247,15,44.882999999999996
493,379,2,207,34,53.02499999999999
441,197,3,315,50,47.081
311,492,0,286,50,54.301
832,64,3,465,48,65.308
869,45,3,300,30,57.937
324,126,0,357,1,37.285999999999994
604,405,5,390,11,66.58800000000001
957,296,3,481,42,83.18699999999998
699,249,0,250,9,56.75300000000001
654,465,0,423,27,73.94999999999999
500,388,4,334,3,57.938
189,354,4,482,45,50.233
394,493,1,496,15,65.79
976,489,1,384,4,87.46600000000001
636,235,1,309,27,56.636
584,140,1,302,4,47.984
164,40,0,325,38,25.907999999999998
433,62,4,218,44,35.435
169,49,2,281,14,23.553
654,275,0,325,6,59.087999999999994
642,196,2,228,30,51.602000000000004
887,348,1,215,30,70.097
171,441,4,497,23,53.297000000000004
136,336,1,402,27,42.278
861,355,4,253,25,70.791
892,493,4,447,7,86.78399999999999
995,383,3,275,26,79.459
346,140,2,263,14,35.63
214,299,2,341,15,40.858000000000004
715,169,0,490,13,64.265
207,156,1,388,47,36.999
454,107,4,225,38,38.68
709,448,3,348,32,72.779
831,458,5,461,35,84.23100000000001
813,113,4,315,14,58.613
584,120,5,206,7,43.102000000000004
827,193,3,434,23,68.909
549,224,5,453,14,57.875
618,322,0,485,30,67.986
458,68,3,475,39,47.92
536,233,4,251,5,48.327999999999996
838,309,3,396,26,73.704
977,325,4,383,50,81.713
118,208,2,273,37,29.904000000000003
899,271,3,459,15,76.893
165,209,2,325,14,33.301
942,281,2,234,19,69.666
483,102,2,319,50,44.433
172,294,4,300,11,36.726
972,356,0,430,12,83.00399999999999
350,95,3,292,38,36.09199999999999
273,259,5,272,35,39.739
823,103,3,268,18,56.666999999999994
891,358,2,303,14,73.905
417,138,1,266,11,38.800999999999995
392,399,4,386,14,56.25
673,485,4,259,44,69.669
218,402,0,402,25,49.284000000000006
308,258,0,384,13,44.922000000000004
870,77,5,305,11,58.95
934,256,5,256,46,70.50200000000001
953,494,4,442,27,90.481
342,95,1,399,32,40.028
747,153,2,482,43,66.213
940,154,3,422,43,72.742
189,276,2,436,15,42.712999999999994
298,39,3,360,30,33.44
646,225,0,218,7,51.553999999999995
437,220,2,266,24,44.539
690,480,1,467,40,79.026
332,107,0,279,38,35.13
496,461,4,212,17,56.732000000000006
164,103,5,283,46,27.85
415,205,3,374,45,48.605
331,427,3,310,43,52.841
932,158,3,483,3,73.25
593,319,2,256,19,56.131
248,175,0,391,37,39.46
916,243,4,243,21,67.136
879,464,5,475,46,87.95299999999999
988,237,3,486,47,82.16399999999999
300,92,3,453,43,40.925999999999995
651,386,5,360,29,67.427
506,295,1,428,30,58.91199999999999
648,405,1,289,14,64.17
978,60,1,356,25,65.928
894,130,4,336,49,65.944
379,364,4,238,1,46.727
469,289,1,208,17,46.543000000000006
344,368,1,324,25,50.122
451,235,4,353,32,50.271
495,398,0,420,28,63.04500000000001
153,223,2,370,50,37.217
427,130,4,423,39,47.323
739,178,3,293,1,56.718999999999994
920,495,4,307,47,84.03999999999999
888,327,1,260,25,70.824
968,354,3,353,13,79.522
767,66,1,369,20,56.632999999999996
983,308,4,454,11,82.319
944,384,2,308,10,77.71600000000001
901,460,1,250,34,78.09500000000001
828,414,3,381,49,78.974
420,274,0,443,42,55.032
717,375,5,344,36,69.625
135,287,3,217,41,32.437
678,353,1,273,1,61.626000000000005
354,157,4,369,14,41.61600000000001
923,354,1,264,35,74.495
587,105,3,339,38,49.79899999999999
541,53,0,365,3,44.287
641,460,5,255,41,66.63699999999999
244,345,1,423,5,47.628
520,314,1,214,12,50.204
780,41,3,218,2,48.54599999999999
325,257,4,474,28,50.573
599,433,2,314,44,65.91499999999999
116,146,3,432,41,33.954
489,191,3,313,47,48.799
297,336,3,490,4,52.663
667,429,3,320,3,67.173
634,230,4,352,47,59.328
331,496,1,215,46,52.165
190,395,0,263,29,41.702
360,203,5,306,49,43.224000000000004
772,126,5,200,43,53.774
848,338,4,348,25,73.51
429,488,4,449,10,65.011
886,324,5,203,17,67.86399999999999
876,389,3,363,5,76.988
412,93,2,416,13,43.064
818,380,0,412,22,76.67399999999999
588,32,2,310,48,45.372
386,312,0,257,9,45.50000000000001
435,175,2,478,6,50.623
263,55,1,200,30,25.459
852,268,5,333,39,70.286
224,255,1,442,21,43.824
783,226,1,337,38,64.87700000000001
530,380,0,208,22,54.162
376,124,4,259,17,36.31
821,428,3,221,41,71.905
813,207,4,274,6,61.108999999999995
488,294,5,358,21,54.678
926,311,5,414,39,79.47800000000001
384,221,2,475,26,51.394
890,413,0,320,11,77.11
560,485,2,444,43,72.352
957,125,3,488,38,74.745
343,133,4,488,24,45.635000000000005
829,447,1,458,36,83.313
432,366,2,242,27,50.698
430,476,1,423,4,62.870000000000005
854,489,5,302,38,80.01599999999999
454,371,2,430,19,59.854
356,407,3,207,50,48.833999999999996
230,145,5,480,49,41.870000000000005
609,194,3,474,15,60.07299999999999
896,222,0,219,43,64.998
957,270,0,451,18,79.223
387,273,0,293,29,46.181
505,92,3,461,18,49.663
604,306,5,348,39,61.190000000000005
269,479,5,486,27,59.56700000000001
662,479,3,314,17,69.874
493,48,3,361,47,43.949
475,108,1,246,49,41.047000000000004
899,137,3,469,46,72.18299999999999
831,44,1,402,18,59.89300000000001
864,265,5,492,4,75.946
704,381,4,397,8,70.19800000000001
951,202,1,419,5,73.531
829,89,3,453,45,65.739
459,404,1,411,35,61.655
724,202,0,490,44,67.888
360,112,5,483,33,45.662
346,65,5,235,42,32.192
226,128,2,428,45,38.199999999999996
135,429,2,369,40,46.127
371,429,1,407,50,59.343
904,401,5,438,30,83.55
177,217,2,318,28,34.657000000000004
742,132,3,403,10,59.85
723,482,1,426,36,78.673
178,258,0,410,39,41.256
951,189,3,391,37,73.345
137,194,5,480,49,39.949
875,120,4,406,9,65.631
455,370,1,273,15,52.69500000000001
584,476,2,369,15,68.33
835,113,3,455,20,66.059
427,65,1,431,33,43.980999999999995
497,65,5,345,36,43.82899999999999
333,304,2,456,13,51.660999999999994
106,72,0,244,12,19.918
161,476,3,353,13,47.693
518,472,2,218,41,59.68399999999999
316,282,3,448,16,49.608
500,331,5,361,37,58.024
497,443,0,317,38,61.357
824,100,2,316,30,59.227999999999994
737,369,3,493,39,76.875
714,393,2,346,12,69.12799999999999
787,459,1,399,10,78.043
756,389,1,381,49,74.24400000000001
516,118,2,366,10,46.852000000000004
526,64,4,281,6,40.778
789,166,2,463,42,67.951
708,276,0,210,49,58.76600000000001
645,497,3,240,20,66.869
245,358,0,319,43,45.601
339,407,4,471,2,57.299
911,285,0,274,5,69.373
616,394,2,281,38,63.01199999999999
763,394,2,340,33,72.267
949,395,1,263,44,78.17300000000002
600,252,3,225,10,51.343999999999994
386,476,5,299,41,57.388
490,83,4,428,14,46.903999999999996
917,279,1,310,31,72.28699999999999
110,76,4,204,49,20.587999999999997
602,396,0,318,33,63.736
583,407,0,422,27,67.669
705,352,0,400,38,70.235
201,341,2,208,23,36.894999999999996
656,440,5,332,31,69.23
320,334,2,305,48,47.656
519,380,3,475,10,64.937
510,226,2,427,8,54.553999999999995
135,308,1,371,50,40.617
908,195,5,249,12,64.222
704,100,4,398,47,58.142
542,404,2,303,43,61.252
903,85,2,460,44,69.227
507,80,4,339,20,43.937
960,85,1,500,28,72.81800000000001
869,460,2,492,50,88.087
562,200,0,480,21,58.583999999999996
110,308,0,376,10,37.614000000000004
427,379,0,374,39,57.425
335,89,3,258,39,33.641
656,71,4,452,10,54.961999999999996
330,407,4,380,21,53.821999999999996
765,285,1,434,26,70.649
289,111,1,452,9,39.519000000000005
311,265,3,302,11,41.849
237,269,3,363,25,41.955
569,157,0,271,6,46.81699999999999
123,186,1,285,42,29.769
647,345,1,355,33,64.977
357,122,1,426,33,43.321
478,230,4,385,4,51.298
472,235,4,480,12,55.846
459,54,5,291,49,39.766999999999996
616,243,5,376,1,57.93600000000001
169,222,1,209,41,30.337
844,347,4,280,27,70.88
894,274,0,267,29,68.91600000000001
410,327,4,355,1,51.482
938,101,3,479,4,70.556
971,460,1,469,6,89.621
915,46,1,242,4,56.20100000000001
557,349,2,360,41,61.614999999999995
557,86,5,295,15,44.449
364,164,3,216,19,35.906
832,430,4,219,22,71.532
786,404,4,222,29,68.552
446,170,4,497,5,51.772
427,46,3,352,46,40.300999999999995
284,317,0,396,21,47.672
653,405,4,331,3,65.84700000000001
309,171,5,299,33,38.11899999999999
549,124,0,493,32,55.295
222,86,4,352,7,30.764
132,418,3,411,47,47.682
472,134,1,312,17,43.51
156,271,4,278,50,35.806
586,180,5,356,17,53.29600000000001
487,375,5,442,15,62.077
210,490,3,430,27,54.784
837,154,4,306,7,61.045
122,291,0,307,26,35.092
447,247,0,407,19,52.217
377,110,3,237,47,36.141
387,119,3,465,5,44.992999999999995
849,252,4,481,41,75.90899999999999
756,233,1,473,8,68.44200000000001
352,446,1,360,14,55.432
916,49,2,282,35,59.756
524,493,2,213,7,59.096000000000004
747,397,3,314,20,69.919
766,57,0,222,46,50.92
897,273,1,287,5,68.735
775,399,0,418,21,75.817
243,69,3,286,30,29.098999999999997
600,54,5,376,16,48.483999999999995
894,476,4,332,40,82.618
386,429,2,256,2,51.052
626,431,5,443,41,72.754
115,447,0,453,3,47.836999999999996
145,77,5,236,44,23.489
441,246,2,201,10,42.467
403,495,4,282,42,58.391000000000005
984,151,5,356,3,69.852
613,246,4,439,44,62.819
260,217,3,348,42,40.626
389,128,1,351,37,42.025
975,318,0,442,10,81.673
911,478,2,381,27,84.92699999999999
839,346,0,387,2,73.86099999999999
994,471,5,345,44,87.88799999999999
580,126,3,310,4,47.544000000000004
811,148,1,494,44,69.50099999999999
171,482,1,453,33,53.767
855,376,4,484,9,80.923
963,419,4,336,6,81.48700000000001
660,147,5,427,19,58.348
112,350,1,456,37,44.726
975,218,3,309,18,71.36500000000001
806,363,4,466,42,78.82799999999999
891,403,0,302,3,75.465
196,197,5,304,27,34.028
241,390,2,273,40,44.934999999999995
318,410,1,468,13,56.736
604,228,0,361,9,56.12200000000001
566,317,4,213,31,53.565999999999995
712,272,3,226,19,58.102000000000004
701,419,4,446,38,75.61300000000001
719,69,0,260,49,51.133
716,158,2,223,41,53.50999999999999
423,416,2,338,12,56.248999999999995
821,267,2,233,19,63.235
227,291,2,322,2,39.583000000000006
786,464,4,349,14,76.39
166,92,5,320,48,29.122
859,316,2,256,13,68.183
672,134,5,267,41,52.321999999999996
364,375,1,232,20,47.114000000000004
969,404,0,271,49,80.117
203,91,0,456,9,34.605000000000004
305,384,5,424,45,54.681000000000004
537,192,4,494,46,59.06699999999999
515,367,0,497,30,65.923
272,441,5,250,31,47.624
836,122,0,254,3,56.718
704,419,3,320,38,70.162
644,201,5,229,8,51.034
220,430,5,308,42,47.732
323,163,1,403,31,42.660999999999994
775,304,0,481,44,74.989
876,35,0,460,47,65.51199999999999
214,419,4,325,34,47.2
969,283,4,461,14,80.869
393,343,3,379,34,54.141000000000005
739,70,2,434,32,59.025
654,229,0,441,1,61.641999999999996
600,419,1,359,47,67.344
932,357,4,471,40,84.57000000000001
778,356,5,320,40,70.686
684,493,3,304,4,70.518
604,425,4,484,13,71.77600000000001
587,162,5,415,37,56.039
572,402,4,211,40,58.46
256,192,1,362,3,37.757999999999996
986,353,2,467,50,87.13600000000001
123,224,5,244,41,30.007
449,141,2,379,22,46.025
481,340,3,377,15,57.089
586,337,0,448,26,65.404
847,315,2,314,35,71.22099999999999
896,426,4,310,45,79.494
514,410,2,318,33,60.395999999999994
938,164,1,433,20,72.386
578,105,4,385,43,51.69799999999999
273,495,0,238,2,48.153000000000006
675,114,0,351,40,54.869
873,439,2,451,50,85.42099999999999
830,140,0,458,31,67.71199999999999
270,223,2,472,49,47.153999999999996
148,304,4,375,16,39.647999999999996
286,285,5,312,5,41.91
574,223,1,462,15,59.254000000000005
683,347,0,211,4,58.935
214,93,2,402,3,32.641999999999996
769,314,0,353,9,67.825
350,233,3,392,28,46.891999999999996
699,474,2,275,28,70.149
731,145,5,264,26,54.763
505,70,3,443,21,47.92099999999999
253,134,4,378,5,35.665
963,225,1,270,21,69.489
561,231,3,454,41,60.086999999999996
694,293,3,363,21,64.434
929,176,2,481,32,75.32299999999998
244,494,5,470,44,59.28800000000001
580,227,4,307,48,54.71
923,234,4,297,27,69.691
1000,412,5,499,34,91.496
944,317,2,213,43,71.83600000000001
823,451,0,431,8,80.595
624,261,4,324,31,58.376
432,323,2,304,3,50.07599999999999
478,429,1,450,22,64.864
774,267,0,205,1,58.798
905,325,3,267,46,72.97699999999999
482,174,1,346,45,48.876
918,162,1,418,8,70.08600000000001
483,499,1,488,43,71.32100000000001
466,221,2,447,6,53.01599999999999
751,230,5,296,37,61.911
737,379,3,436,19,73.867
917,305,4,420,46,79.321
265,421,3,260,48,47.489
860,435,5,454,35,84.136
473,357,3,365,7,56.635
672,429,2,483,46,76.682
160,277,1,207,30,32.025999999999996
923,498,5,349,34,85.577
388,99,2,386,21,41.315999999999995
654,105,4,307,34,51.388000000000005
930,337,5,300,9,74.45
816,187,2,281,17,61.01199999999999
961,247,5,224,50,70.113
892,440,5,424,28,84.22
275,169,2,462,31,43.349
377,91,4,483,27,45.063
810,447,3,214,8,70.38000000000001
587,61,0,273,4,42.851
803,104,0,447,21,63.659
954,495,4,261,35,83.01399999999998
298,478,1,221,32,49.27800000000001
220,262,2,232,28,35.144
803,161,1,491,14,68.143
302,445,3,227,20,47.576
627,61,4,210,48,44.351
737,316,5,239,24,62.39500000000001
673,335,3,422,14,67.79299999999999
334,361,2,363,21,50.866
103,473,5,270,44,42.81100000000001
877,136,0,378,17,65.501
814,175,1,227,3,57.194
706,222,5,454,39,66.44800000000001
245,122,2,206,17,27.625000000000004
960,100,0,249,28,62.47599999999999
181,103,2,495,49,37.983000000000004
570,485,0,257,17,63.198
301,130,1,259,16,32.89099999999999
360,243,5,225,10,39.709999999999994
305,483,2,491,28,61.584999999999994
181,143,4,474,39,38.655
800,359,1,309,47,71.544
266,400,1,275,48,47.050000000000004
112,135,2,402,36,31.598
825,499,2,468,43,86.563
748,41,3,361,27,54.583999999999996
229,171,2,334,12,34.705000000000005
822,164,3,412,33,66.756
151,115,5,233,48,25.738999999999997
493,271,4,287,31,51.091
419,133,4,469,27,48.52100000000001
328,138,3,485,35,45.55
767,78,0,408,46,60.20099999999999
279,200,3,250,7,34.607
842,52,1,280,27,55.892
892,237,2,440,17,74.07999999999998
498,435,3,381,29,63.513999999999996
345,353,1,423,33,54.175000000000004
634,223,1,201,41,51.89
933,86,1,361,30,65.583
170,273,4,409,8,40.228
277,440,5,317,41,51.257
883,435,1,372,5,79.917
937,106,5,412,48,70.107
461,317,3,315,44,53.721000000000004
350,36,1,447,47,40.315999999999995
184,393,3,271,39,42.316
700,318,4,236,9,59.826
288,368,5,470,41,54.906
270,59,1,298,17,29.650000000000002
552,161,4,368,35,52.128
526,104,2,230,26,41.437999999999995
832,177,3,329,21,63.623999999999995
860,344,2,310,1,71.40599999999999
527,146,5,446,39,53.88300000000001
560,54,1,220,26,40.047999999999995
432,227,3,446,11,51.971999999999994
431,65,0,284,24,37.203
351,35,0,466,32,40.351
249,168,0,473,27,42.265
824,90,1,489,15,65.542
811,403,3,208,27,68.91299999999998
225,176,2,419,47,40.257
925,276,4,218,38,68.959
611,365,4,291,43,62.11299999999999
326,483,5,209,11,49.458
313,368,2,435,34,54.047000000000004
761,365,1,421,42,74.689
120,315,0,250,2,32.49
298,442,0,405,44,56.126000000000005
523,372,1,374,41,61.735
990,174,2,446,17,75.8
573,332,2,495,24,66.607
579,139,0,376,36,52.507000000000005
243,85,4,280,24,29.383
332,44,0,293,43,32.846
309,32,0,328,29,32.005
876,334,4,349,20,74.42
707,236,5,324,31,61.074999999999996
586,335,0,367,1,60.489999999999995
621,207,5,362,27,57.05500000000001
271,33,4,426,34,35.023
660,104,5,393,16,54.55199999999999
448,249,3,238,6,44.422
653,217,2,417,36,61.78499999999999
555,387,1,204,39,56.409000000000006
875,305,4,263,26,69.439
564,468,5,263,24,62.92
592,149,4,332,50,52.574
848,178,4,477,36,71.736
623,235,1,376,46,59.923
722,365,2,429,50,73.65599999999999
476,150,4,214,40,41.48
214,470,5,360,45,51.888000000000005
267,227,0,201,20,33.743
390,157,3,482,50,50.032
605,448,3,475,46,74.17899999999999
714,405,5,260,11,66.038
105,140,0,400,31,31.084999999999997
766,356,2,374,22,71.454
170,432,4,400,47,49.732000000000006
246,262,2,390,5,42.168
307,191,3,205,28,34.543
649,417,3,356,23,68.311
509,78,4,374,13,45.121
130,36,3,448,14,28.465999999999998
180,241,4,241,6,31.606
228,421,1,466,24,53.518
300,41,0,211,14,26.133999999999997
761,153,4,333,33,59.911
891,452,4,223,28,75.881
930,293,2,354,26,75.332
132,139,5,233,49,26.096
494,383,4,485,49,66.35000000000001
236,185,5,500,45,44.831999999999994
685,95,3,346,23,53.462999999999994
967,343,0,374,32,80.655
321,402,3,432,46,56.638999999999996
791,114,1,354,47,60.851000000000006
398,420,3,267,21,52.647999999999996
741,412,1,225,21,66.425
966,243,5,358,6,73.844
591,317,4,340,44,60.979000000000006
942,197,2,281,24,67.784
863,41,1,454,12,63.235
951,206,1,302,16,69.133
823,168,0,246,17,58.754999999999995
613,184,1,373,2,54.571000000000005
625,89,2,439,1,53.28699999999999
526,493,3,352,41,67.05399999999999
301,497,0,417,27,58.695
951,139,3,453,35,73.473
144,305,1,302,10,35.854
460,187,3,242,34,43.462
715,394,2,294,27,67.68699999999998
363,362,5,220,30,46.581
781,42,2,328,45,55.584999999999994
921,475,2,370,21,84.46300000000001
918,206,1,364,24,70.71
453,392,2,370,2,57.367
947,31,5,409,45,66.545
305,195,1,466,7,44.987
749,248,3,287,11,60.925
698,350,3,218,50,62.541999999999994
965,65,2,255,10,60.42099999999999
115,291,3,407,43,40.157
696,136,3,218,24,50.448
234,498,2,237,7,46.772
436,329,3,344,13,52.87199999999999
714,465,2,301,17,70.99799999999999
597,236,0,413,19,58.98100000000001
324,417,1,467,15,57.42400000000001
566,56,1,366,31,47.104
788,255,0,361,41,67.72
183,468,3,265,50,46.30500000000001
407,325,2,325,14,50.475
727,294,4,481,26,71.52499999999999
880,367,4,297,22,74.07
661,46,4,349,30,50.415
241,188,2,250,49,34.273
654,340,4,347,12,63.798
229,79,4,227,2,24.993000000000002
630,200,4,423,19,59.364000000000004
136,322,3,396,28,41.46
342,81,5,278,47,34.946000000000005
433,484,1,258,17,56.801
376,297,1,364,24,49.78600000000001
384,35,5,428,10,39.37
516,266,4,242,9,48.842
295,200,1,463,7,44.635
927,98,5,461,12,69.59299999999999
462,130,2,399,50,48.366
145,276,2,356,44,38.575
267,96,0,362,33,34.927
460,431,2,244,9,54.452
155,371,1,314,29,41.149
560,456,0,279,14,62.096000000000004
600,101,5,458,37,55.492
611,442,1,416,12,69.76899999999999
721,93,1,213,2,48.057
755,261,1,290,38,63.242999999999995
148,259,3,270,41,33.98
189,358,2,386,19,44.813
534,429,5,420,46,67.568
584,366,4,377,38,64.42800000000001
195,379,3,248,40,41.17099999999999
541,333,2,388,44,61.44499999999999
649,290,5,435,43,66.53300000000002
354,271,4,238,8,41.252
217,162,2,402,26,37.382999999999996
752,392,2,399,42,74.696
697,300,2,451,13,68.349
427,225,2,397,5,49.132999999999996
603,232,1,337,39,56.76700000000001
492,238,2,254,14,46.996
770,260,5,392,9,67.128
493,260,5,340,27,52.721000000000004
794,234,5,201,14,58.80200000000001
265,329,0,451,19,49.699
377,356,0,371,11,52.393
639,36,0,485,49,55.623000000000005
807,323,4,398,23,72.93300000000002
830,383,1,245,7,69.338
130,140,2,498,49,37.568
921,362,0,283,16,74.639
408,53,1,333,1,36.57599999999999
769,240,4,376,13,65.52900000000001
141,302,5,373,30,39.879
358,377,2,243,2,46.564
163,285,1,320,47,38.389
885,372,0,369,11,76.981
241,80,0,413,26,34.799
978,91,4,294,7,63.994
432,284,1,339,26,50.767999999999994
416,237,4,424,27,51.6
596,59,2,235,50,43.897999999999996
736,374,2,463,31,75.30999999999999
507,322,3,487,46,63.800999999999995
718,232,0,204,32,55.922000000000004
431,242,3,417,36,52.648999999999994
162,280,5,422,27,41.772
841,292,0,258,35,67.229
497,361,4,272,44,55.769000000000005
907,310,2,309,23,72.971
741,397,1,476,13,76.319
456,324,2,465,49,60.63799999999999
844,192,2,412,11,68.04199999999999
914,239,1,432,38,75.864
237,466,2,455,29,56.004999999999995
902,325,2,284,9,71.68599999999999
153,486,5,356,44,49.595
145,381,4,372,35,44.175
401,394,5,267,15,51.285000000000004
977,117,0,436,12,71.553
785,127,1,345,13,59.123000000000005
902,486,4,499,12,89.442
176,400,4,394,48,48.199999999999996
944,414,5,289,39,79.974
954,329,2,336,41,78.21799999999999
396,212,3,231,49,41.97
493,465,4,405,17,65.28299999999999
990,113,3,351,14,68.468
287,212,0,471,47,47.163000000000004
726,351,5,422,11,71.02999999999999
262,237,5,242,28,36.452
549,189,3,397,50,55.364999999999995
582,381,4,255,4,58.016
968,167,1,237,3,64.47200000000001
863,214,0,453,45,73.443
819,60,3,349,34,58.693000000000005
506,61,5,425,37,47.622
308,102,0,469,26,41.512
842,185,4,207,25,59.373999999999995
926,402,1,251,3,74.864
283,451,0,214,50,47.766999999999996
671,212,5,268,46,56.469
166,237,1,332,2,34.408
656,465,4,392,16,72.32199999999999
706,283,1,253,6,58.812
981,276,3,302,39,75.289
946,438,5,313,2,80.47399999999999
260,342,4,478,40,52.544
135,491,0,282,27,44.653
167,324,3,228,20,35.224999999999994
641,293,1,295,4,58.005
389,88,3,208,48,34.379
667,304,4,227,37,58.579
925,374,3,308,16,76.67099999999999
416,432,4,386,18,59.228
685,111,4,420,12,57.017
382,223,5,402,7,47.382
479,145,5,341,25,46.257
553,168,5,351,4,50.275000000000006
369,400,4,215,14,47.69500000000001
305,421,2,316,7,49.73500000000001
597,388,5,371,20,65.023
806,102,5,320,21,58.352
528,145,1,296,35,46.888000000000005
916,57,1,481,5,67.364
623,319,4,469,23,67.209
212,98,2,275,27,28.410000000000004
314,48,0,345,39,34.288000000000004
367,403,1,291,19,51.20100000000001
605,150,4,453,28,57.458999999999996
891,170,1,392,45,69.923
290,297,0,479,46,51.856
836,133,0,375,50,64.94200000000001
223,98,4,203,33,26.154999999999998
652,279,3,260,32,57.778
803,143,2,445,31,66.11699999999999
251,472,1,442,31,56.443000000000005
943,394,5,292,10,77.609
319,141,0,212,22,32.471
239,224,4,321,38,38.648999999999994
502,320,2,304,43,55.215999999999994
439,185,2,252,15,41.817
601,193,4,299,11,51.794999999999995
633,63,4,217,21,43.691
264,324,3,395,28,47.53199999999999
393,191,5,497,11,50.678999999999995
424,432,5,235,1,52.158
939,310,3,440,35,80.887
727,461,5,336,35,73.993
997,210,3,253,7,68.985
963,169,0,397,22,72.279
587,106,1,258,41,46.33899999999999
333,331,2,274,18,45.25299999999999
197,212,3,412,49,40.581
159,265,3,450,37,42.516999999999996
996,246,1,297,2,72.32799999999999
546,323,0,331,47,58.726
692,205,4,481,28,65.53
377,379,5,369,19,54.095
178,481,3,206,4,41.824
289,376,4,362,6,48.803
221,127,1,491,47,40.739
130,51,1,311,33,24.041999999999998
609,184,1,268,23,50.813
132,172,3,463,18,36.22
698,498,0,300,42,73.006
892,49,1,408,13,63.024
710,51,1,461,36,58.05199999999999
213,367,3,479,14,50.281000000000006
457,128,3,322,49,44.641
771,268,5,345,23,66.20700000000001
543,149,0,280,37,47.141000000000005
288,443,4,265,6,47.837999999999994
857,267,4,403,5,71.803
694,148,2,272,9,52.532
205,252,4,496,13,44.900999999999996
938,51,4,445,31,67.95799999999998
795,128,4,424,7,62.963
327,434,1,209,6,46.613
574,249,3,441,19,59.926
522,482,3,425,23,68.628
566,208,1,206,39,48.06400000000001
216,352,4,458,3,48.246
911,495,1,487,20,90.043
238,388,5,348,4,46.338
794,66,3,343,25,57.10399999999999
612,73,4,496,10,54.93
704,173,0,248,30,54.15
132,441,1,251,48,41.745999999999995
757,420,3,452,43,78.761
612,71,0,443,34,53.506
297,37,3,248,5,27.115
171,291,5,376,28,40.771
671,376,5,448,40,72.289
634,179,1,356,49,56.91000000000001
594,496,2,443,36,74.106
866,102,4,224,18,56.75
178,82,2,326,7,27.256
488,284,3,393,38,56.472
227,324,5,347,25,43.626999999999995
647,226,5,214,26,52.665
638,151,1,498,10,59.996
149,418,2,315,8,42.259
124,271,1,408,41,39.428
673,51,5,415,5,52.931
857,226,2,366,32,69.37899999999999
625,271,5,204,36,53.940999999999995
559,340,1,363,29,60.743
100,165,5,394,44,32.726
469,153,3,383,35,48.43899999999999
382,101,1,272,25,36.269999999999996
168,220,0,213,50,30.768
713,402,3,262,36,67.083
832,65,4,389,3,59.812
292,394,5,496,23,56.638000000000005
280,252,5,354,8,41.976
288,126,0,335,36,36.37599999999999
360,171,3,316,8,39.918
612,98,5,234,37,46.050000000000004
802,333,4,412,20,73.66400000000002
228,486,5,219,49,47.342
396,277,4,327,49,49.492000000000004
226,144,2,385,21,35.907999999999994
851,307,0,443,8,75.239
850,394,4,249,16,71.598
214,139,5,250,21,29.298
1000,46,0,443,37,70.642
479,218,4,279,37,47.731
792,238,2,353,38,66.652
444,210,2,438,20,51.736
104,426,3,389,37,45.298
465,106,4,258,41,40.748999999999995
105,120,4,271,21,24.101
770,361,5,262,26,67.30799999999999
755,488,2,329,43,76.607
648,237,1,375,25,60.104
580,308,5,397,26,61.668000000000006
427,328,0,494,2,58.305
883,449,1,441,12,84.003
329,334,0,373,17,49.425
786,399,4,407,3,75.14200000000001
717,100,5,208,6,48.391
292,189,3,320,32,38.998
133,494,2,247,1,41.965
896,156,0,329,4,64.58800000000001
528,443,3,219,21,57.79599999999999
226,267,1,219,36,35.455999999999996
316,134,2,393,28,40.339999999999996
663,232,4,323,22,58.26500000000001
364,125,1,285,12,36.546
542,113,1,357,9,47.33
377,159,4,340,25,42.071
673,440,1,459,40,75.875
505,164,4,333,22,47.879000000000005
110,256,4,463,37,40.384
542,371,3,271,31,57.641999999999996
388,314,4,355,24,50.948
431,44,0,292,22,36.405
862,119,0,464,40,68.88000000000001
669,461,3,408,32,74.189
683,74,3,218,13,46.187
215,350,3,206,33,38.463
446,82,0,328,49,41.944
474,480,1,315,45,62.436
936,159,1,401,35,71.384
983,47,1,303,18,62.831
334,428,1,281,49,51.96
982,230,4,327,11,72.784
100,150,4,457,6,32.8
313,176,4,432,10,43.211
762,342,5,325,46,69.754
734,212,1,252,46,58.534
824,333,4,405,20,74.39
996,45,1,495,38,72.79
864,414,3,351,1,76.946
547,436,0,266,50,61.713
542,140,1,389,33,51.288000000000004
873,236,5,251,44,66.31500000000001
620,499,0,392,46,73.63799999999999
626,341,2,251,19,58.562
717,310,4,228,8,59.823
282,268,4,318,34,42.538000000000004
170,85,3,377,40,30.971999999999998
643,392,4,451,45,72.107
391,40,3,251,6,31.865
709,199,2,207,35,54.227
338,53,4,384,9,36.074000000000005
736,174,1,251,20,55.384
648,248,1,284,43,57.550000000000004
551,117,0,297,25,46.065
234,145,2,461,44,40.828
168,420,0,210,26,39.436
678,378,4,283,14,64.11
519,261,2,378,22,55.270999999999994
505,31,0,382,36,43.893
243,362,0,330,8,44.440999999999995
120,230,0,466,50,40.144
259,275,5,434,24,46.459
626,390,2,224,25,60.123999999999995
390,135,5,441,50,47.224
395,230,4,248,22,42.269
510,149,1,348,11,47.32999999999999
773,305,3,472,14,73.193
734,34,0,376,8,53.142
646,464,5,355,14,70.122
248,147,0,215,37,30.316000000000003
306,386,3,358,48,51.978
717,259,3,228,46,59.125
984,315,2,263,45,75.916
164,444,2,373,42,48.516
984,489,5,237,48,83.766
161,358,0,381,12,42.831
394,289,0,370,49,51.69800000000001
260,498,3,446,24,58.08800000000001
969,62,1,357,7,64.749
543,129,4,320,33,47.892999999999994
764,461,0,343,13,74.7
350,198,1,208,2,35.65
278,203,0,379,40,41.891999999999996
174,394,2,375,46,46.774
320,459,5,408,22,57.282000000000004
713,73,3,298,40,52.417
427,92,0,262,31,37.747
950,73,2,387,13,66.074
732,301,5,212,42,61.12200000000001
249,361,1,405,1,47.67099999999999
277,256,1,223,13,36.329
499,428,4,274,24,58.301
118,89,0,483,38,33.147999999999996
428,41,1,394,39,41.5
773,229,3,250,9,59.37500000000001
970,481,2,412,13,88.51400000000001
264,492,0,301,28,51.652
505,191,5,308,5,47.327
509,425,5,495,50,69.693
172,304,4,388,8,40.948
330,367,1,340,9,49.318000000000005
401,125,3,481,10,46.905
581,238,5,372,39,57.765
158,344,1,251,28,37.117999999999995
282,328,2,229,38,41.726
137,204,1,490,18,39.147
897,307,4,458,46,80.15299999999999
796,322,2,408,22,72.66
505,100,0,498,20,51.647
704,215,3,467,1,64.58
689,288,2,434,16,66.77499999999999
218,468,4,383,1,50.739999999999995
501,394,4,323,25,58.900999999999996
117,154,5,232,48,26.046999999999997
133,200,0,374,26,34.007
373,412,5,344,44,55.70700000000001
485,324,2,267,19,51.789
958,184,1,251,21,66.36800000000001
625,184,1,218,5,48.465
967,274,1,464,27,80.963
420,222,0,204,41,41.866
349,244,5,289,1,41.608999999999995
297,418,2,335,44,51.894999999999996
417,184,0,423,44,49.611000000000004
251,39,3,274,15,26.697
850,366,2,381,45,77.36
980,84,5,494,24,73.436
974,195,1,415,1,73.886
345,252,4,499,48,53.363
711,93,2,248,13,49.724999999999994
254,396,3,265,18,44.442
449,375,1,239,27,51.767
296,79,0,292,28,32.11
730,166,5,348,16,58.961999999999996
708,475,1,346,6,72.598
961,417,3,235,48,78.90100000000001
860,440,0,450,36,84.02
523,220,2,461,22,57.061
363,465,0,289,2,53.127
385,160,5,376,7,43.229
497,263,1,480,11,58.227
747,426,1,250,37,69.307
722,80,0,346,9,53.608
759,227,4,479,48,70.691
851,201,1,391,1,67.349
679,272,5,444,9,65.739
651,460,1,251,49,67.13900000000001
894,323,1,387,4,75.444
442,485,1,461,36,67.15599999999999
889,448,2,378,15,81.661
171,422,0,354,41,46.763
570,488,3,399,39,70.83999999999999
889,269,2,485,29,78.119
910,150,3,399,46,70.27
602,314,3,277,47,58.675999999999995
163,450,0,252,34,42.949000000000005
389,310,0,297,27,48.201
825,101,2,320,10,58.501
383,441,5,309,41,55.937
563,321,0,321,20,57.63499999999999
700,124,2,404,44,59.172
620,136,4,343,42,53.324
195,267,2,373,27,40.373
298,368,5,204,19,42.57200000000001
163,472,3,319,38,47.341
139,449,5,342,22,45.371
962,141,1,475,29,74.66199999999999
784,231,5,225,37,60.388
876,455,3,331,38,80.53
220,98,5,380,26,33.5
718,260,4,430,6,66.158
179,107,0,253,40,26.895000000000003
798,144,5,304,15,59.072
888,345,0,362,5,75.164
941,314,0,224,24,70.983
231,176,2,305,38,35.073
900,330,1,278,38,72.98
979,276,0,264,27,72.779
998,447,4,287,11,82.62599999999999
648,219,5,383,25,59.748000000000005
173,348,0,488,30,48.503
847,442,5,207,7,71.607
391,316,1,429,13,53.751
507,314,3,242,22,51.421
412,179,3,407,7,46.716
374,351,4,436,13,55.153999999999996
503,124,0,214,20,40.257
946,365,0,284,40,77.208
219,148,5,348,21,34.294999999999995
673,141,4,497,15,61.491
517,499,4,429,22,69.417
741,54,0,263,37,50.949000000000005
301,164,3,482,25,44.949
388,122,4,453,25,45.71
678,236,1,369,26,61.25
602,371,5,248,27,59.346000000000004
744,178,2,341,44,61.168
631,185,1,481,26,61.419
358,288,1,390,37,50.284
642,399,2,234,43,62.666
421,134,4,422,45,47.497
131,125,4,472,3,33.516999999999996
787,428,5,248,15,70.291
558,443,2,394,12,66.40799999999999
427,418,1,217,39,52.51500000000001
356,41,0,448,12,39.094
919,245,0,209,3,64.789
733,385,1,404,13,72.17500000000001
401,290,2,468,3,54.184999999999995
372,385,5,286,37,51.40800000000001
976,399,1,236,41,78.304
688,364,4,396,26,69.452
922,95,1,340,25,64.34200000000001
200,46,4,258,20,24.244
127,107,3,347,5,26.981
210,354,5,301,20,42.054
168,208,3,221,33,29.813999999999997
504,187,4,362,1,49.20799999999999
282,476,5,311,35,52.728
517,397,4,401,29,63.435
914,190,4,384,2,69.64599999999999
158,210,0,242,41,30.624000000000002
268,38,3,279,39,28.866
532,235,5,301,20,51.23800000000001
943,325,4,350,48,78.563
918,127,4,412,7,68.166
686,496,0,450,27,78.192
592,386,5,447,31,68.58200000000001
666,101,1,366,5,52.754000000000005
670,443,3,330,30,69.804
819,193,1,213,44,59.763000000000005
257,187,1,445,17,41.907000000000004
757,313,3,426,34,71.817
219,227,4,216,29,32.789
878,157,5,389,48,68.87200000000001
124,154,4,372,24,31.288
967,470,0,313,11,83.271
794,457,4,318,16,75.152
386,171,5,483,39,50.134
666,117,4,472,5,58.361999999999995
554,152,2,441,42,55.23799999999999
167,74,3,278,32,25.525
962,70,2,329,7,63.635999999999996
201,395,5,306,36,44.70099999999999
192,203,3,349,10,35.174
514,198,5,294,10,47.734
390,43,0,462,38,42.70799999999999
650,191,0,283,25,53.802
238,306,3,331,24,42.394
756,121,3,258,2,53.178000000000004
138,310,1,327,18,37.321999999999996
235,364,0,205,27,39.615
707,270,3,214,25,57.538999999999994
559,263,5,470,28,61.743
491,447,5,440,30,66.52700000000002
200,308,3,307,24,39.652
919,351,3,327,4,75.475
251,89,0,343,14,32.039
794,153,0,208,36,55.919999999999995
953,212,5,450,42,77.53099999999999
486,47,0,253,6,36.623999999999995
792,245,0,312,47,65.55199999999999
973,356,1,329,28,79.45500000000001
185,319,5,229,42,37.061
708,470,5,482,18,79.12400000000001
228,379,5,381,48,49.06999999999999
893,53,2,213,42,56.189
677,302,3,408,39,66.96499999999999
240,288,4,447,14,46.24
990,245,2,379,7,75.90199999999999
183,49,0,444,30,32.087
924,194,5,212,9,63.146
445,409,3,371,35,59.583
385,397,1,420,1,56.522999999999996
494,280,4,354,50,55.486000000000004
719,315,1,284,30,63.587
992,102,2,270,16,64.5
970,293,1,395,36,79.468
243,370,4,228,2,40.245
342,469,3,388,17,57.589999999999996
898,337,5,413,2,77.568
676,402,3,316,21,66.97
169,322,3,439,40,45.503
168,369,0,269,24,39.382000000000005
494,356,1,263,18,53.538000000000004
441,255,0,328,46,50.209
590,103,1,467,49,55.926
697,420,3,489,5,75.669
623,225,0,442,11,60.528999999999996
121,41,0,463,32,29.709000000000003
635,475,3,486,45,77.37299999999999
950,296,5,405,13,78.16000000000001
968,390,1,357,32,82.352
297,47,4,228,33,28.183
617,153,1,331,41,53.311
934,480,4,412,21,87.26799999999999
155,318,2,356,9,39.395
923,186,2,299,36,67.73299999999999
904,38,0,463,26,66.05999999999999
781,364,2,478,14,76.735
406,398,3,227,7,49.464
836,481,4,200,12,72.934
497,142,4,452,1,50.589
904,233,5,363,3,70.5
788,407,0,283,3,69.98800000000001
837,436,4,491,5,83.185
271,258,3,318,23,40.922999999999995
402,195,4,458,41,51.038
497,223,3,269,2,46.589
732,225,0,355,10,61.774
442,483,4,495,19,67.846
696,92,0,289,37,51.87800000000001
664,186,4,345,45,58.129999999999995
800,220,4,385,12,66.332
259,304,3,484,28,50.213
974,206,1,392,13,74.024
399,496,5,394,6,61.428999999999995
870,157,1,379,47,67.814
202,462,0,406,22,51.558
323,59,1,279,12,31.055
288,397,1,203,19,43.316
500,178,0,277,9,45.038
597,211,5,423,38,59.361
836,174,2,280,23,61.558
288,418,1,370,23,51.913999999999994
807,400,4,480,14,79.941
307,75,4,443,5,38.113
166,367,2,386,49,45.682
178,201,1,240,25,30.273999999999997
359,483,5,205,2,50.383
381,339,5,239,25,46.863
924,468,5,237,21,78.54599999999999
855,38,1,251,8,53.577
271,176,2,290,5,34.643
401,94,1,459,36,45.590999999999994
273,448,1,270,9,47.60900000000001
864,401,5,219,40,72.534
131,287,0,248,41,33.469
482,103,4,474,38,50.752
705,283,4,470,34,69.857
978,146,5,234,45,66.052
337,303,1,265,19,43.647000000000006
559,124,2,497,38,56.336999999999996
474,128,2,224,22,39.73
939,386,3,484,22,85.973
376,396,0,490,34,60.732
542,246,4,201,38,48.71
477,495,0,491,28,70.173
263,164,3,482,9,42.363
691,95,2,331,45,54.13699999999999
617,213,2,273,44,53.957
336,55,4,299,41,33.94
711,104,2,276,36,52.657
391,388,4,437,21,58.247
141,149,5,498,30,37.729
830,277,5,300,22,67.39999999999999
819,164,5,213,36,58.105000000000004
344,353,4,235,1,44.39999999999999
830,465,1,491,16,84.712
747,360,4,360,39,71.09100000000001
856,245,5,498,19,75.584
614,134,5,291,20,49.602000000000004
103,269,5,211,11,28.365
526,426,0,260,10,57.962
170,480,4,394,49,51.968
390,224,2,495,38,53.306
995,292,1,242,46,74.361
561,110,5,441,8,51.910999999999994
884,196,4,218,21,62.181999999999995
219,79,3,252,23,26.624999999999996
404,411,3,387,46,59.00999999999999
667,381,4,222,49,62.809000000000005
192,371,3,453,21,48.699999999999996
627,80,1,372,43,52.035000000000004
624,331,5,483,29,68.82000000000001
489,460,5,281,47,60.937000000000005
371,363,0,349,13,51.593
882,500,3,332,31,82.75600000000001
456,489,0,459,37,67.928
894,345,0,471,46,82.292
369,230,1,368,2,45.183
225,173,1,379,31,37.498999999999995
248,428,0,395,50,52.93600000000001
913,246,4,292,33,69.90100000000001
992,367,4,418,25,84.80799999999999
699,412,2,270,29,66.879
163,329,2,401,4,42.051
497,455,1,251,33,58.851
129,247,5,378,17,36.135
267,465,3,307,42,51.550999999999995
331,116,1,405,17,40.074999999999996
457,51,2,375,20,41.625
445,475,2,479,10,66.33699999999999
697,470,2,497,18,79.123
540,278,5,295,23,53.65
298,87,5,257,24,31.104
645,169,1,253,45,52.195
977,121,3,221,50,64.33699999999999
785,267,3,340,41,67.399
386,368,0,393,25,55.084
646,179,2,379,20,57.08399999999999
911,165,1,475,15,72.765
386,162,4,429,49,47.76
456,108,1,290,41,41.69
869,46,0,360,31,60.533
402,165,2,482,29,49.897999999999996
545,184,3,363,10,51.431
107,471,1,247,31,41.044999999999995
557,183,3,298,3,48.735
818,221,2,425,15,69.04199999999999
844,397,0,345,10,75.19800000000001
129,245,0,408,27,37.615
836,335,1,266,33,69.444
320,266,2,254,46,41.912
536,217,1,469,16,57.525999999999996
997,50,2,376,34,67.699
207,292,4,387,41,43.599
922,222,5,464,47,77.44
532,65,4,364,50,46.962
990,402,4,387,34,85.55
806,247,3,225,23,61.425999999999995
348,268,5,384,16,47.69199999999999
108,319,5,424,14,40.622
829,482,2,299,5,76.565
520,175,1,244,7,44.324
946,142,5,245,25,63.83200000000001
797,43,3,403,10,57.985
854,175,1,247,20,60.804
493,438,1,316,14,59.723
654,364,0,246,25,61.012
749,457,4,331,19,73.759
122,487,0,497,46,54.251999999999995
747,282,4,268,47,63.543000000000006
676,269,5,377,37,63.9
903,134,2,201,44,60.281000000000006
990,441,3,384,2,85.72
475,208,0,362,11,49.202999999999996
303,325,4,357,18,47.291
790,69,2,279,7,53.302
751,344,5,207,10,62.345
235,410,3,453,44,53.821
637,229,0,355,19,57.959
802,158,1,376,37,64.036
244,143,3,228,18,29.694
171,393,5,455,28,49.347
718,292,4,315,29,63.848000000000006
108,67,3,390,33,27.38
232,149,1,267,6,30.45
920,151,1,229,12,61.51400000000001
693,364,2,332,21,66.52499999999999
446,191,1,339,4,45.676
546,215,0,299,5,49.818
323,151,2,479,21,44.953
904,445,3,415,48,85.542
752,108,5,381,32,59.348000000000006
108,186,5,334,12,29.912000000000003
887,89,2,455,25,67.505
283,208,1,203,13,33.330999999999996
448,497,2,477,41,69.04
840,210,3,287,32,64.35199999999999
121,486,1,467,48,52.983
765,251,2,353,18,65.033
649,340,4,408,14,66.347
687,242,0,406,33,63.903
552,405,2,453,25,67.472
872,342,2,379,25,76.106
301,392,2,394,9,51.629
354,175,1,385,46,44.675999999999995
737,484,3,485,35,82.07300000000001
475,151,0,485,5,51.465
274,423,4,344,42,51.45600000000001
348,350,4,306,20,48.512
717,177,3,474,24,64.749
155,126,1,273,6,25.945
556,273,4,491,14,62.278000000000006
380,407,3,263,36,51.726
591,380,5,377,41,65.655
670,407,3,415,7,70.594
729,281,5,369,29,66.239
303,73,1,344,48,35.474999999999994
790,63,4,463,4,61.044000000000004
502,228,3,309,23,49.88399999999999
543,259,2,246,41,51.440999999999995
731,244,2,465,33,68.763
996,491,0,229,8,81.838
682,371,0,325,49,67.354
242,112,4,283,30,31.118000000000002
750,462,1,477,14,80.086
478,347,0,371,8,56.54
679,368,4,480,49,74.075
394,477,3,419,46,63.248
912,318,1,369,50,77.548
399,376,1,472,15,59.119
874,305,3,464,16,77.688
467,365,3,364,6,56.65899999999999
224,280,4,221,45,36.694
926,234,4,207,5,64.772
385,188,4,304,20,42.062999999999995
718,224,3,405,19,63.86000000000001
959,328,3,298,42,76.829
381,126,4,438,32,45.271
101,59,5,312,35,23.415
243,328,2,240,45,40.727000000000004
319,500,3,368,11,56.879
425,243,2,327,2,46.708999999999996
643,495,2,322,17,70.085
261,433,5,272,32,47.725
207,213,2,295,42,35.555
281,485,4,220,21,48.379
201,31,4,437,49,32.867
405,274,3,267,10,45.126999999999995
205,472,0,347,47,50.853
308,329,4,221,10,41.342
553,195,0,413,36,55.712999999999994
246,111,3,239,5,28.022
357,33,5,226,33,30.262999999999995
635,364,4,277,25,61.675
575,459,1,494,45,74.009
194,63,3,259,26,25.108
309,188,1,397,50,43.939
892,282,4,353,22,72.848
498,189,5,403,44,53.028000000000006
944,277,3,366,27,75.816
636,351,0,291,36,62.04599999999999
246,426,0,291,2,45.766
916,168,2,408,15,70.25
763,165,3,391,32,63.059
940,97,1,302,4,62.566
431,136,5,297,45,42.615
913,211,1,465,11,74.51899999999999
416,324,3,462,45,58.47399999999999
712,334,0,393,29,68.906
735,355,3,493,27,75.481
646,386,4,389,5,67.22
211,436,5,359,3,47.903
938,345,5,483,7,83.178
533,91,3,206,32,40.409
377,480,4,262,36,55.239
293,324,2,302,38,45.254999999999995
659,59,0,427,45,54.961
159,431,1,453,41,51.053
805,236,2,439,13,69.697
954,470,2,327,5,83.072
328,481,5,210,28,50.346000000000004
893,140,2,468,32,71.25899999999999
237,66,1,231,47,27.001
234,377,5,452,10,50.476
315,42,3,494,36,40.584999999999994
998,64,4,213,4,59.870000000000005
997,191,5,337,40,73.477
149,187,0,473,38,39.065
671,234,2,263,47,57.255
192,244,2,373,31,39.282
582,306,2,314,8,56.96599999999999
168,73,3,299,1,24.895999999999997
899,224,3,280,21,66.967
470,276,5,491,50,60.234
986,219,4,355,40,75.104
294,43,4,247,7,27.378
420,370,2,432,7,57.693999999999996
989,227,5,357,28,75.18100000000001
431,170,5,383,17,46.699000000000005
575,39,2,366,6,45.474999999999994
769,470,2,375,28,77.63900000000001
562,449,3,372,2,65.476
564,197,1,390,49,56.016000000000005
437,74,0,402,9,42.377
429,92,4,279,31,38.781
626,146,2,240,39,49.328
528,343,3,241,21,53.763999999999996
778,347,2,418,43,74.554
486,168,2,383,20,49.19
524,37,1,343,33,43.267999999999994
584,177,0,251,42,49.442
896,263,3,237,9,66.284
570,490,1,265,49,65.44800000000001
937,85,4,204,27,58.807
433,313,0,425,12,55.300999999999995
836,285,2,348,33,70.60000000000001
656,218,2,323,39,57.989999999999995
718,242,0,462,13,66.82400000000001
345,400,1,255,2,47.583000000000006
162,459,5,406,50,51.168
225,170,5,456,32,40.979
564,474,3,462,14,71.38
546,467,0,291,8,62.216
586,50,4,464,18,51.550000000000004
113,314,3,431,6,40.419
958,284,3,469,34,81.706
832,285,0,365,45,71.664
196,313,2,236,10,35.842
200,404,1,438,27,50.27
873,203,2,487,3,72.85499999999999
851,460,3,241,46,76.045
212,40,4,221,35,23.630000000000003
686,93,2,230,3,47.25799999999999
457,426,3,455,47,65.29299999999999
389,132,1,208,39,36.033
929,222,5,262,21,67.581
516,44,4,308,8,40.596
211,266,0,303,45,38.799
612,92,5,219,35,44.989999999999995
579,413,0,305,44,63.483000000000004
571,489,4,379,20,69.155
817,440,4,372,29,78.409
842,396,3,438,20,79.78999999999999
922,498,2,341,3,83.48400000000002
954,358,3,355,2,78.60199999999999
339,312,1,338,13,47.103
607,263,4,291,36,56.474999999999994
712,198,0,355,9,59.434
761,184,5,360,29,62.497000000000014
721,47,2,312,33,51.711
457,205,2,297,6,45.193
469,342,4,366,19,56.389
202,359,3,228,31,39.169999999999995
123,185,4,494,10,37.458999999999996
701,400,0,446,38,74.471
615,151,0,242,36,48.90299999999999
581,264,3,221,9,50.825
814,381,4,256,34,70.46400000000001
206,271,5,448,9,43.634
332,189,4,414,12,44.062000000000005
131,60,1,328,11,24.187
470,402,0,325,22,57.589999999999996
334,446,1,358,17,54.648
545,456,2,428,4,67.54299999999999
487,277,1,308,45,52.589000000000006
803,388,0,229,49,69.667
874,382,0,469,16,81.614
955,197,1,302,48,70.471
170,300,4,260,1,34.672
195,183,4,310,8,32.547
289,464,0,304,15,50.909
149,418,3,219,39,39.633
342,43,3,390,20,36.528
961,482,0,224,25,80.37299999999999
206,128,4,206,19,26.288
505,109,3,497,6,51.49699999999999
767,483,3,352,1,75.88099999999999
396,416,1,369,11,56.245999999999995
700,113,4,463,23,60.263999999999996
878,66,4,212,2,54.186
916,320,0,254,24,71.428
521,468,1,478,20,69.967
644,249,0,311,32,58.002
995,477,3,362,49,89.13700000000001
418,326,2,369,14,52.977999999999994
777,177,0,429,16,65.045
741,227,1,417,7,64.923
152,93,0,407,26,31.002
329,156,5,351,27,40.297
690,200,2,222,2,52.394
990,263,0,405,38,79.4
387,211,2,290,20,42.595
537,332,1,323,14,56.79900000000001
303,218,1,394,39,44.474999999999994
217,483,1,319,25,49.68300000000001
351,194,3,349,23,42.847
633,99,3,322,34,50.713
178,63,0,356,30,28.68
775,262,2,483,17,71.72299999999998
681,318,3,231,13,58.864999999999995
328,392,3,406,50,55.524
954,382,2,225,36,75.734
915,493,1,331,24,83.467
356,336,1,393,13,51.522
406,416,4,343,6,55.466
106,62,5,274,11,20.928
627,284,2,201,30,54.109
590,460,1,300,16,64.778
681,461,4,494,32,78.585
725,62,4,444,22,58.00300000000001
546,330,5,272,26,55.67
972,280,5,303,6,73.556
544,116,0,277,20,44.556
353,33,1,383,11,35.690999999999995
184,356,1,240,27,38.406
633,56,5,427,3,51.729000000000006
726,284,2,307,18,62.826
863,48,3,262,19,55.583
835,162,2,260,17,59.730999999999995
682,213,1,383,16,60.403999999999996
463,176,2,419,7,49.443000000000005
379,400,2,363,12,54.481
112,248,3,341,49,35.262
740,182,0,312,33,59.258
327,472,2,335,3,53.95499999999999
331,112,1,285,19,34.695
964,312,1,354,3,76.682
774,114,0,430,26,62.298
852,75,0,208,38,54.846
389,292,5,416,19,52.37700000000001
263,172,3,309,30,36.20099999999999
220,205,5,465,5,41.53999999999999
502,356,0,367,15,58.292
370,267,4,355,28,47.952
751,229,1,415,7,65.405
879,177,1,339,5,65.37700000000001
749,71,3,461,1,59.230999999999995
691,473,5,422,18,75.83500000000001
971,477,2,446,7,89.55699999999999
434,499,0,276,42,59.592
367,58,1,429,32,40.672999999999995
143,123,1,453,36,34.650999999999996
739,412,4,402,11,73.76299999999999
389,482,4,296,13,56.249
862,56,2,326,39,59.704
442,152,5,435,27,49.104000000000006
338,409,4,271,39,50.402
627,210,4,351,27,56.955000000000005
325,354,3,353,26,49.95099999999999
699,227,0,349,7,59.909000000000006
552,447,0,410,12,66.934
631,284,2,421,39,64.42699999999999
942,126,4,404,7,68.892
571,210,3,277,45,51.919
690,453,0,389,35,73.946
106,54,1,405,15,26.3
212,407,2,490,20,52.97
617,279,0,380,18,60.568999999999996
310,479,5,387,43,57.938
205,474,4,443,20,54.019
510,117,3,220,23,40.794
901,30,2,377,18,61.43099999999999
637,245,2,366,8,58.788999999999994
221,441,0,365,29,49.947
196,218,5,359,10,36.647999999999996
600,362,3,394,32,65.38
360,479,2,494,36,64.502
778,73,2,287,25,54.19
767,260,5,487,6,71.017
637,75,1,261,2,45.321000000000005
617,264,0,262,14,54.427
189,498,2,368,5,50.321
989,356,0,203,48,75.61500000000001
377,45,1,295,23,34.147
679,264,0,366,18,62.117
336,207,3,463,7,47.008
202,42,3,390,11,29.448
614,174,2,394,13,55.63999999999999
726,284,2,488,1,69.94
949,70,1,353,48,66.083
877,187,2,392,50,70.413
459,116,4,265,19,40.175000000000004
394,191,2,429,28,48.44
911,200,5,236,48,65.84100000000001
128,247,4,337,39,35.336
978,326,5,337,15,78.084
200,34,4,339,48,28.607999999999997
711,201,4,439,29,64.425
842,83,5,420,38,64.34400000000001
689,68,1,470,26,57.811
318,45,0,412,12,35.924
473,58,0,259,6,36.827
603,144,5,425,47,56.83100000000001
928,474,5,499,27,90.862
413,220,1,392,16,48.50699999999999
929,499,4,477,11,90.34299999999999
787,49,2,204,26,49.81099999999999
688,47,1,301,9,48.428000000000004
648,129,3,255,1,48.31999999999999
370,427,3,431,7,58.198
156,51,5,320,29,25.651999999999997
927,59,1,422,19,66.08500000000001
741,46,3,400,2,54.971
409,366,2,270,8,49.898999999999994
567,303,2,326,50,58.739
819,165,1,484,14,68.787
237,499,4,351,26,53.02499999999999
765,221,1,352,49,64.991
397,346,3,337,20,51.931
535,248,2,391,18,55.745
160,338,3,402,33,43.901999999999994
462,292,0,415,6,54.873999999999995
219,360,0,422,37,48.711
336,500,1,406,40,60.704
977,320,4,210,10,71.851
621,93,4,330,26,49.849000000000004
175,400,0,343,17,44.167
365,59,4,276,48,34.841
427,34,5,312,39,37.687
863,293,1,486,26,77.943
163,358,0,267,22,38.409
709,181,2,259,16,54.665
769,386,2,204,25,65.76499999999999
413,416,5,368,46,58.943
114,236,2,359,34,34.75
993,123,4,426,41,73.807
648,82,3,284,18,48.096
660,45,1,353,5,49.099999999999994
410,99,4,247,10,35.78
320,123,0,486,37,44.424
577,311,5,308,24,57.661
468,353,5,277,20,53.074
919,322,2,478,38,82.321
205,32,5,289,5,24.441
869,278,5,390,42,74.243
668,133,4,312,27,53.316
525,444,4,221,19,57.741
857,427,4,311,32,77.105
625,106,0,208,18,44.727
342,181,4,339,46,42.532
598,406,3,364,24,65.766
531,309,1,307,41,56.013000000000005
805,453,1,293,5,73.675
581,249,3,466,45,62.654999999999994
907,143,4,296,4,63.195
